mysql> SELECT * FROM Entry WHERE (firstName='Charlotte' AND lastName='Jenkins');                                                                                                         
+------+---------------+-----------+----------+---------------------+-------+
| id   | addressBookId | firstName | lastName | birthday            | type  |
+------+---------------+-----------+----------+---------------------+-------+
| 1057 |            88 | Charlotte | Jenkins  | 1974-05-29 02:23:14 | phone |
+------+---------------+-----------+----------+---------------------+-------+
1 row in set (0.01 sec)

mysql> SELECT * FROM Phone WHERE entryId=1057;
+------+---------+-------+----------+----------------+
| id   | entryId | type  | subtype  | content        |
+------+---------+-------+----------+----------------+
|  659 |    1057 | other | fax      | (110) 167-3420 |
| 1599 |    1057 | home  | landline | (605) 175-1334 |
+------+---------+-------+----------+----------------+
2 rows in set (0.01 sec)